create database banking
use banking
CREATE TABLE Branch (
    branch_id INT PRIMARY KEY IDENTITY(1,1),
    address NVARCHAR(100) NOT NULL,
    phone NVARCHAR(20) NOT NULL
);
CREATE TABLE Customer (
    customer_id INT PRIMARY KEY,
    name NVARCHAR(50) NOT NULL,
    address NVARCHAR(100) NOT NULL,
    phone NVARCHAR(20) NOT NULL,
    date_of_birth DATE NOT NULL
);
CREATE TABLE Employee (
    employee_id INT PRIMARY KEY,
    name NVARCHAR(50) NOT NULL,
    position NVARCHAR(30) NOT NULL,
    branch_id INT NOT NULL,
    FOREIGN KEY (branch_id) REFERENCES Branch(branch_id)
);
CREATE TABLE Account (
    account_no INT PRIMARY KEY,
    customer_id INT NOT NULL,
    balance DECIMAL(12,2) NOT NULL,
    account_type NVARCHAR(20) NOT NULL, -- Savings / Checking
    creation_date DATE NOT NULL,
    FOREIGN KEY (customer_id) REFERENCES Customer(customer_id)
);
CREATE TABLE BankTransaction (
    transaction_id INT PRIMARY KEY,
    account_no INT NOT NULL,
    transaction_date DATE NOT NULL,
    amount DECIMAL(10,2) NOT NULL,
    transaction_type NVARCHAR(20) NOT NULL, -- Deposit / Withdrawal / Transfer
    FOREIGN KEY (account_no) REFERENCES Account(account_no)
);
CREATE TABLE Loan (
    loan_id INT PRIMARY KEY,
    customer_id INT NOT NULL,
    employee_id INT NOT NULL,
    loan_type NVARCHAR(30) NOT NULL,
    amount DECIMAL(12,2) NOT NULL,
    issue_date DATE NOT NULL,
    FOREIGN KEY (customer_id) REFERENCES Customer(customer_id),
    FOREIGN KEY (employee_id) REFERENCES Employee(employee_id)
);
CREATE TABLE EmployeeCustomerAction (
    employee_id INT NOT NULL,
    customer_id INT NOT NULL,
    action_type NVARCHAR(30) NOT NULL, -- Open Account / Process Loan
    action_date DATE NOT NULL,
    PRIMARY KEY (employee_id, customer_id, action_type, action_date),
    FOREIGN KEY (employee_id) REFERENCES Employee(employee_id),
    FOREIGN KEY (customer_id) REFERENCES Customer(customer_id)
);
INSERT INTO Branch (address, phone)
VALUES
('Muscat Main Branch', '968-95464001'),
('Salalah Branch', '968-98240002');

INSERT INTO Customer
VALUES
(1001, 'Ahmed Al Harthy', 'Muscat', '968-99112233', '1990-05-10'),
(1002, 'Fatma Al Lawati', 'Salalah', '968-99445566', '1995-08-15');

INSERT INTO Employee
VALUES
(501, 'Saeed Al Balushi', 'Bank Officer', 1),
(502, 'Mona Al Hinai', 'Loan Manager', 2);

INSERT INTO Account
VALUES
(20001, 1001, 5000.00, 'Savings', '2024-01-10'),
(20002, 1001, 2500.00, 'Checking', '2024-03-01'),
(20003, 1002, 8000.00, 'Savings', '2024-02-15');

INSERT INTO BankTransaction
VALUES
(9001, 20001, '2024-06-01', 1000.00, 'Deposit'),
(9002, 20001, '2024-06-05', 500.00, 'Withdrawal'),
(9003, 20003, '2024-06-10', 2000.00, 'Deposit');

INSERT INTO Loan
VALUES
(3001, 1001, 502, 'Car Loan', 15000.00, '2024-04-01'),
(3002, 1002, 502, 'Home Loan', 80000.00, '2024-05-10');

INSERT INTO EmployeeCustomerAction
VALUES
(501, 1001, 'Open Account', '2024-01-10'),
(502, 1001, 'Process Loan', '2024-04-01'),
(502, 1002, 'Process Loan', '2024-05-10');
--5) Bank Database – DQL & DML Tasks 
--DQL 
--1. Display all customer records.
select * from Customer
--2. Display customer full name, phone, and membership start date. 
--3. Display each loan ID, amount, and type. 
SELECT loan_id, amount, loan_type
FROM Loan;
--4. Display account number and annual interest (5% of balance) as AnnualInterest. 
SELECT account_no,
       balance * 0.05 AS AnnualInterest
FROM Account;
--5. List customers with loan amounts greater than 100000 LE. 
--6. List accounts with balances above 20000.
SELECT *
FROM Account
WHERE balance > 2000;
--7. Display accounts opened in 2023. 
SELECT *
FROM Account
WHERE YEAR(creation_date) = 2024;
--8. Display accounts ordered by balance descending. 
SELECT *
FROM Account
ORDER BY balance DESC;
--9. Display the maximum, minimum, and average account balance. 
SELECT 
    MAX(balance) AS MaxBalance,
    MIN(balance) AS MinBalance,
    AVG(balance) AS AvgBalance
FROM Account;
--10. Display total number of customers.
SELECT COUNT(*) AS TotalCustomers
FROM Customer;
--11. Display customers with NULL phone numbers. 
SELECT *
FROM Customer
WHERE phone IS NULL;
--12. Display loans with duration greater than 10 years. 
--DML 
--13. Insert yourself as a new customer and open an account with balance 10000. 
--14. Insert another customer with NULL phone and address. 
select * from Customer
INSERT INTO Customer
VALUES (9002, 'Test Customer', NULL, NULL, '1998-05-05');
--15. Increase your account balance by 20%. 
UPDATE Account
SET balance = balance * 0.20
WHERE customer_id = 9001;
--16. Increase balance by 5% for accounts with balance less than 5000. 
UPDATE Account
SET balance = balance * 1.05
WHERE balance < 5000;
--17. Update phone number to 'Not Provided' where phone is NULL. 
UPDATE Customer
SET phone = 'Not Provided'
WHERE phone IS NULL;
--18. Delete closed accounts. 
DELETE FROM Account
WHERE balance = 0;